X,Y,id,sp_elev
-3.30921362244418,36.9674621257324,"1",sylvestris_high
-2.70062237927083,37.1087857025448,"2",halepensis_low
-2.68661434547323,37.0906224936248,"3",halepensis_med
