modelo,name_modelo,max_likeli,n_params,aic_cor,aic,R2,slope,RMSE,exec_time_s,deltaAIC
mtrat3,Log-normal,100.38430402347988,3,-194.6722225047911,-194.76860804695977,0.39537904943194346,1.0178123038634461,0.10511423975705064,6.167040109634399,0
mtrat1,Gaussian,100.35433497405144,3,-194.61228440593422,-194.70866994810288,0.36248377611060667,0.9983487600785261,0.10793581582364102,2.4674160480499268,0.05993809885688961
mtrat5,Asymptotic,100.38896254253228,4,-192.61663476248393,-192.77792508506457,0.4006170063701986,1.0206166214173285,0.10465793609282,3.3708789348602295,2.055587742307182
mtrat2,Gaussian Extended,100.37322262282036,4,-192.5851549230601,-192.74644524564073,0.38321356862901235,1.0059662553192605,0.10616646654301054,3.5816640853881836,2.08706758173102
mtrat4,Logistic,100.44213117154474,5,-190.64134736333241,-190.8842623430895,0.45781226304986744,1.0252006105420945,0.09953935059586431,4.304605007171631,4.030875141458694
