modelo,name_modelo,max_likeli,n_params,aic_cor,aic,R2,slope,RMSE,deltaAIC
mtrat3,Log-normal,100.38430402347988,3,-194.6722225047911,-194.76860804695977,0.39537904943194346,1.0178123038634461,0.10511423975705064,0
mtrat1,Gaussian,100.35433497405144,3,-194.61228440593422,-194.70866994810288,0.36248377611060667,0.9983487600785261,0.10793581582364102,0.05993809885688961
mtrat6,Logistic_Mod,100.44358125088503,4,-192.72587217918942,-192.88716250177006,0.46000619808826204,0.9863713132439489,0.09933775599959994,1.946350325601685
mtrat5,Asymptotic,100.38896254253228,4,-192.61663476248393,-192.77792508506457,0.4006170063701986,1.0206166214173285,0.10465793609282,2.055587742307182
mtrat2,Gaussian Extended,100.37322262282036,4,-192.5851549230601,-192.74644524564073,0.38321356862901235,1.0059662553192605,0.10616646654301054,2.08706758173102
mtrat4,Logistic,100.37005538471662,5,-190.49719578967617,-190.74011076943324,0.37965901059718754,1.0223016772243951,0.10647194725943347,4.175026715114939
