modelo,name_modelo,max_likeli,n_params,aic_cor,aic,R2,slope,RMSE,deltaAIC
mprecrat3,Log-normal,100.27795687951892,3,-194.4595282168692,-194.55591375903785,0.27750877373344995,1.0017080965777168,0.11490429077591309,0
mprecrat1,Gaussian,100.2722939954841,3,-194.44820244879955,-194.5445879909682,0.269710533784275,1.0024236333600811,0.11552273863229798,0.011325768069639253
mprecrat5,Gompertz,100.28148193706627,4,-192.4016735515519,-192.56296387413255,0.2810365618264421,1.0093475510461274,0.11462341952969776,2.0578546653172793
mprecrat4,Asymptotic,100.17582401068766,4,-192.19035769879468,-192.35164802137533,0.16169762008533228,1.0152880658232315,0.12377140112307755,2.269170518074503
