modelo,name_modelo,max_likeli,n_params,aic_cor,aic,R2,slope,RMSE,deltaAIC
mcombrat1,Temp (Log-normal) | Prec (Log-normal),100.42328773873584,5,-190.6036604977146,-190.84657547747167,0.43870613691977367,1.0386996005148976,0.10127799724858502,0
mcombrat2,Temp (Log-normal) | Prec (Gaussian),100.40998008839341,5,-190.57704519702975,-190.81996017678682,0.4241412807163282,0.9588656704243937,0.10258359891724211,0.026615300684852627
mcombrat4,Temp (Gaussian) | Prec (Log-normal),100.40087521100442,5,-190.55883544225176,-190.80175042200884,0.4145148029020189,0.9764748920409175,0.10343747663301901,0.04482505546283733
mcombrat5,Temp (Gaussian) | Prec (Gaussian),100.39183701290851,5,-190.54075904605995,-190.78367402581702,0.404006724066186,0.9727147274534574,0.1043615781223175,0.06290145165465333
mcombrat7,Temp (Logistic_Mod) | Prec (Log-normal),100.47343415040243,6,-188.6054048861707,-188.94686830080485,0.4925635839144529,1.0333493939352885,0.09629656003621365,1.9982556115438967
mcombrat8,Temp (Logistic_Mod) | Prec (Gaussian),100.46257160088388,6,-188.5836797871336,-188.92514320176775,0.48121496921345097,1.0295370300662057,0.09736742302135465,2.0199807105809953
mcombrat3,Temp (Log-normal) | Prec (Gompertz),100.41864567303779,6,-188.49582793144143,-188.83729134607557,0.4338878658697425,1.0122210375396692,0.1017117647477055,2.1078325662731743
mcombrat6,Temp (Gaussian) | Prec (Gompertz),100.40062365029863,6,-188.4597838859631,-188.80124730059725,0.4140238213042984,0.9989772306986389,0.10348083832271504,2.1438766117514945
mcombrat9,Temp (Logistic_Mod) | Prec (Gompertz),100.47378439701566,7,-186.49042593688847,-186.94756879403133,0.4931295425579244,1.0224605747734496,0.09624284387240933,4.113234560826129
