modelo,name_modelo,max_likeli,n_params,aic_cor,aic,R2,slope,RMSE,deltaAIC
mtrat3,Log-normal,-233.8831993340608,3,473.8627842102903,473.7663986681216,0.3955631903740311,1.0106607286216296,0.10509823195160169,0
mtrat1,Gaussian,-233.95931974479336,3,474.0150250317554,473.9186394895867,0.3625041180645022,1.0027808638552322,0.10793409379459945,0.15224082146511364
mtrat6,Logistic_Mod,-233.7331265113736,4,475.62754334532787,475.4662530227472,0.4607397737524568,1.0015046978806441,0.09927025844150224,1.7647591350375933
mtrat5,Asymptotic,-233.8735658012471,4,475.9084219250749,475.7471316024942,0.39974703088164754,0.9905893034845366,0.10473386152396656,2.0456377147846183
mtrat2,Gaussian Extended,-233.91146280818256,4,475.9842159389458,475.8229256163651,0.3832883717581096,1.0012593082509762,0.10616002847603975,2.121431728655523
mtrat4,Logistic,-233.92001530762425,5,478.0829455950056,477.8400306152485,0.3795740237303984,1.0309974152957524,0.10647924035101956,4.220161384715311
