modelo,name_modelo,max_likeli,n_params,aic_cor,aic,R2,slope,RMSE,deltaAIC
mprecrat3,Log-normal,-234.15468262198505,3,474.40575078613875,474.3093652439701,0.2776580771467644,0.9972714553208013,0.1148924176288145,0
mprecrat1,Gaussian,-234.1729844871304,3,474.4423545164295,474.3459689742608,0.26970958242091625,1.0050904599183694,0.11552281387921713,0.036603730290721614
mprecrat5,Gompertz,-234.1466063616294,4,476.4545030458395,476.2932127232588,0.2811655946775272,0.9934385449742538,0.11461313329711732,2.048752259700734
mprecrat4,Asymptotic,-234.4209342047808,4,477.00315873214225,476.8418684095616,0.16202509193984416,1.000881779886765,0.12374722392264514,2.5974079460035
